{
  "accuracy": 0.77109375,
  "precision": 0.7739653426770788,
  "recall": 0.77109375,
  "f1_score": 0.7709544573048647,
  "num_models": 6,
  "feature_count": 94,
  "classes": [
    "CANDIDATE",
    "CONFIRMED",
    "FALSE POSITIVE"
  ],
  "timestamp": "2025-10-04T14:03:28.762284"
}